image_url,item_id
https://www.photolibrary.jp/mhd7/img391/450-2015042019510441270.jpg,1
https://images-na.ssl-images-amazon.com/images/I/71kgPlA01JL._SX522_.jpg,2
https://コラムファンタジー.com//HLIC/0bc00b4897533df7bd494552c168d054.jpg,3
https://tshop.r10s.jp/act-co/cabinet/aico01/img60476898.jpg?fitin=275:275,4
https://www.pakutaso.com/shared/img/thumb/TRTM4700_TP_V.jpg,5
https://oisiso.com/imagess_6/hijiki_ni.jpg,6
https://image.walkerplus.com/talent/person/000/0091/0000091049_r.jpg?x=840,7
https://img.news.goo.ne.jp/talent/MM-M06-0830.jpg,8
http://kadokawa-d.jp/images/sp/main/csimiami_10.jpg,9
https://foreignlang.ecc.co.jp/files/2019/05/k00041d_img01.jpg,10
https://tshop.r10s.jp/tougenkyou/cabinet/item0062/ts-12286.jpg?fitin=275:275,11
https://pbs.twimg.com/profile_images/1066200535743647744/dg5cXMyi.jpg,12
https://wing-auctions.c.yimg.jp/sim?furl=auctions.c.yimg.jp/images.auctions.yahoo.co.jp/image/dr000/auc0401/users/0/3/4/0/wccf3031-img622x697-1516105351jhenyd6971.jpg&dc=1&sr.fs=20000,13
https://pbs.twimg.com/profile_images/882160478343974912/3WVBEu0j_400x400.jpg,14
https://movie.walkerplus.com/api/resizeimage/news/article/67255/376624?w=615,15
https://askul.c.yimg.jp/img/product/3L1/W568424_3L1.jpg,16
https://alinoma.jp/img/item/N0008/N000818M0010/N000818M0010_pz_a001.jpg,17
https://www.ohsho.co.jp/common/img/og_image.png,18
https://image.middle-edge.jp/medium/c4c5636832c3bd2a926c75d505cb2274.jpg?1468918209,19
https://shop.r10s.jp/alpen/cabinet/2016_ss_a_5/2000020306.jpg,20
https://uds.gnst.jp/rest/img/eyge8vhj0000/s_0n5g.jpg,21
http://www.akabokke.com/data/akabokke/product/20171214_725abe.jpg,22
https://cdn0.mynvwm.com/wp-content/uploads/2017/07/01-11.jpg,23
https://shop.r10s.jp/linefriends/cabinet/product3/lfst12130019_1.jpg,24
http://www.sasakiblock.com/tousui.jpg,25
https://hipshop.fs-storage.jp/fs2cabinet/hc5/hc5241a101-1bd/hc5241a101-1bd-m-01-dl.jpg,26
https://www.nitori-net.jp/ecstatic/image/product/8991715/899171501.jpg?ts=20190725190108634,27
https://rr.img.naver.jp/mig?src=http%3A%2F%2Fimgcc.naver.jp%2Fkaze%2Fmission%2FUSER%2F20151126%2F74%2F7540314%2F38%2F300x450x81d480a2ae56c313362ee967.jpg%2F300%2F600&twidth=300&theight=600&qlt=80&res_format=jpg&op=r,28
https://s3-ap-northeast-1.amazonaws.com/production-piglet/attachments/1602986/large/db0119-m1-kk.jpg?1565937103,29
http://sim.takasho.jp/imgs/contest/26th/medal3.png,30
https://tshop.r10s.jp/nishimura-ejoy/cabinet/item06/ejoy_4960599234803.jpg?fitin=275:275,31
https://afpbb.ismcdn.jp/mwimgs/e/8/-/img_e8d3213756963d6dff8d727057ff4481201006.jpg,32
https://www.san-a.co.jp/common/uploads/2019/02/2019_kiwami.jpg,33
https://i.pinimg.com/originals/dd/ba/1f/ddba1f25c5e10285d3e38a8025f96993.png,34
https://profile.yoshimoto.co.jp/assets/data/profile/692/738a5f6a66f3216ac2566ad9d8b60143cff156fa.jpg,35
https://washiokazuhiko.jp/wp-content/uploads/2019/08/ponyo3-min.jpg,36
https://rr.img.naver.jp/mig?src=http%3A%2F%2Fimgcc.naver.jp%2Fkaze%2Fmission%2FUSER%2F20151126%2F74%2F7540314%2F38%2F300x450x81d480a2ae56c313362ee967.jpg%2F300%2F600&twidth=300&theight=600&qlt=80&res_format=jpg&op=r,37
https://one-hack.com/wp-content/uploads/2019/05/IMG_1762-2-680x453.jpg,38
https://www.morinaga.co.jp/ototo/assets/img/product_img_01.png,39
https://image.rakuten.co.jp/air-rhizome/cabinet/32/zgz1-1923.jpg,40
https://gamewith.akamaized.net/article_tools/pokemon-usum/gacha/33533.png,41
https://images-na.ssl-images-amazon.com/images/I/61QiMMgTfYL._SX425_.jpg,42
https://im6-a.mbokimg.dena.ne.jp/0/7/024/479406024.1.jpg,43
https://www.jalan.net/news/img/2016/01/1601_kansai_betsu_kankou_049.jpg,44
https://shingeki.tv/season2/img/home/visual_01_sp.png,45
http://sngk.net/yi9PTC/img1,46
https://animeanime.jp/imgs/p/jtKDOVlKAvjRrNw8SXAVejagI61Nrq_oqaqr/239262.jpg,47
https://www.kotobukiya.co.jp/wp-content/uploads/2014/07/eva13_web1.jpg,48
https://cdn.wiki.famitsu.com/theme/famitsu/kairi/illust/%E3%80%90%EF%BD%B4%EF%BD%B3%EF%BE%9E%EF%BD%A7%EF%BE%9D%EF%BD%B9%EF%BE%9E%EF%BE%98%EF%BD%B5%EF%BE%9D%E3%80%91%E7%95%B0%E7%95%8C%E5%9E%8B_%E7%AC%AC13%E5%8F%B7%E6%A9%9F_%E7%96%91%E4%BC%BC%EF%BD%BC%EF%BE%9D%E5%8C%96.jpg?1464679377,49
https://image1.shopserve.jp/takumi-honpo.com/pic-labo/limg/20_AD-135_01.jpg?t=20110223175129,50
https://images-na.ssl-images-amazon.com/images/I/61r0fRxEQwL._UX385_.jpg,51
https://images-na.ssl-images-amazon.com/images/I/81hlIRJPmYL._SY606_.jpg,52